rec_id,name
43QRG7SY14,Elias Svensson
YXAXYF3SXW,Finn Murphy
ZVS4M3Y201,Mia Anderson
NZBALVR6CF,Mia Anderson
GHSWJ7IZ96,Amina Kouri
N2VPD13IWV,Olivia Tremblay
656QZ2VWR4,Jorge Castillo
UMM0YIUKNH,Noah Zimmerman
Z1BCC9U0E5,Sofia Almeida
XDAOHC9OY5,Mia Anderson
6NPGSW6R8P,Sofia Almeida
I1TDO1US28,Fatima Zahra Mansouri
ZYD38PBMCH,Charlotte Leclerc
H01FH3KEY8,Santiago Rivera
H1SQXI3VG1,Noah Zimmerman
FPLK2Z9M1O,Kai Løkke
KD73PJ3EP5,Santiago Rivera
C4C384534S,Finn Murphy
ARMR64W5O0,Elena Popova
4ZA11BXYQU,Kai Løkke
23TVDEG2YC,Santiago Rivera
30AERYBO11,Isabella Rossi
BW1I95V68P,Elias Svensson
3OS373FIQC,Charlotte Leclerc
X8L6WJ0NDN,Kai Løkke
YEQHIRWT8P,Kai Løkke
1VVQNIU4I4,Elena Popova
3162VQ31V7,Elias Svensson
FVILFM7OSU,Seo-yun Kim
WML4D26C67,Lara van den Berg
77DYFCICAX,Seo-yun Kim
UGZ010DWVA,Finn Murphy
OVOM1QSTK5,Elias Svensson
42784TS74Q,Finn Murphy
RL9JXFY2JE,Mia Anderson
LF0QTFG29B,Kai Løkke
FSPNRHDS44,Lara van den Berg
OA8CVUPFQ2,Anika Patel
GWE85UXMG3,Amina Kouri
LLG5ML8RHL,Sofia Almeida
4LOY1URGVH,Santiago Rivera
DXUFMO00FS,Elena Popova
AQ7QG00T1E,Liam O'Brien
YEZKNC4RNY,Isabella Rossi
H6XNGJ7SCM,Lara van den Berg
IIBWPCAJFZ,Charlotte Leclerc
MQX8OX8FIO,Fatima Zahra Mansouri
J3D6Q83SUO,Fatima Zahra Mansouri
3GHXFOJQ2L,Liam O'Brien
W9Z4GUIV4K,Hiroshi Nakamura
E1I3Y679E0,Elias Svensson
DX7RS4N7IC,Noah Zimmerman
ZGZHPG1TS8,Finn Murphy
EMW8PK5F2G,Santiago Rivera
WGXR3ONJFH,Finn Murphy
BDMI3ZXH0S,Charlotte Leclerc
MG1JCLM1X9,Jorge Castillo
ISDFCVKRVC,Isabella Rossi
25LY8GI6DE,Sofia Almeida
W102PRJ7LH,Hiroshi Nakamura
DO2T6GX0CO,Amina Kouri
1BNKNECJRU,Isabella Rossi
U2OWHF9C2M,Kai Løkke
CVQ1Z7EQVZ,Elena Popova
SJ75YFI4ET,Finn Murphy
WSYP46INU1,Isabella Rossi
GMGML0EULU,Olivia Tremblay
10M5MCMSO3,Anika Patel
DK89JDSW3X,Elena Popova
XATHQAOSPE,Fatima Zahra Mansouri
8EDWFJG35I,Elias Svensson
JXJS69ZN5Z,Anika Patel
HEHXM9668B,Noah Zimmerman
U73VXHISZY,Finn Murphy
JQCJPH64SW,Amina Kouri
YLGDVW6WCT,Hiroshi Nakamura
GZZWB0E3AX,Charlotte Leclerc
WDZIHM70NH,Charlotte Leclerc
ZVM6ABNSS1,Amina Kouri
JWSBZ4LZRX,Fatima Zahra Mansouri
75UEPXC0IW,Noah Zimmerman
L7EFGCOAD0,Fatima Zahra Mansouri
1PSFC9GSK4,Santiago Rivera
27FYVYRXHC,Mia Anderson
72K6TSQ829,Finn Murphy
1Z2W0U9OU8,Lara van den Berg
4LVFXVFAI5,Lara van den Berg
6W52WZKXOC,Lara van den Berg
V1Q3EL4Z4X,Elena Popova
Y285MKKJ4J,Elias Svensson
UTFYOXUEPH,Fatima Zahra Mansouri
EGTMM9VP8Z,Noah Zimmerman
221Y2P3R9J,Mia Anderson
514WEKM9US,Amina Kouri
BJ53WB0WQB,Chen Wei
TC1N3OMAN3,Seo-yun Kim
OW6VLRXPJT,Elena Popova
O0DETC0XV6,Santiago Rivera
QJ2T20DZCY,Olivia Tremblay
ZZNLOGOUC9,Elena Popova
FW71CH9KIC,Hiroshi Nakamura
Y5K92G0CA2,Noah Zimmerman
S8XIWIEA2H,Liam O'Brien
56K4DSES6F,Kai Løkke
J2KO453ZT9,Jorge Castillo
4UYWOVMYD9,Amina Kouri
MA1CKK4XZH,Jorge Castillo
1KMDDIB0WA,Noah Zimmerman
6TQ8WY1A1T,Seo-yun Kim
541T0I3AUW,Sofia Almeida
F68PGID9TU,Fatima Zahra Mansouri
FGQ1PL8LA6,Finn Murphy
GINYUH6NU7,Elena Popova
5U8NHGADRR,Fatima Zahra Mansouri
HB5IYNTKK9,Santiago Rivera
PR9SD61V3D,Hiroshi Nakamura
FJYXJHG2KM,Olivia Tremblay
3TUKKW5GXO,Anika Patel
915QHB8GME,Olivia Tremblay
VLGVUDJ90Q,Liam O'Brien
BZMVM7UDDC,Anika Patel
5B0N0KF0OZ,Seo-yun Kim
6G186D1H5K,Isabella Rossi
Y0SQ3LTXI3,Charlotte Leclerc
DKTQZASTB9,Elena Popova
RSQQ5YEC8W,Charlotte Leclerc
P1BEOYNKDF,Finn Murphy
2B68X3TLPO,Sofia Almeida
AIQPXRJKF7,Chen Wei
32LZR8ZQYK,Sofia Almeida
9HFS33L9CI,Sofia Almeida
072VW2DTHZ,Seo-yun Kim
BO81DNUC98,Liam O'Brien
XEA040Q8N9,Noah Zimmerman
3GUM6SI9RE,Liam O'Brien
MWT70NTC17,Santiago Rivera
R3SUR0CZW3,Hiroshi Nakamura
K681L5OQ3R,Elias Svensson
GAJOY10X4A,Elias Svensson
S35MFASKLA,Anika Patel
XV45S85AXQ,Noah Zimmerman
JBX7H4T33L,Hiroshi Nakamura
JRDBXRBEZ5,Olivia Tremblay
VKDMNUUZX2,Isabella Rossi
FPMY3OD663,Amina Kouri
6QOZ04UI5X,Hiroshi Nakamura
2IM42LTT5R,Isabella Rossi
F0X097QL8I,Elias Svensson
9YJUUID3DV,Amina Kouri
0D2XANLNWB,Kai Løkke
FA79Q4F0H0,Liam O'Brien
5KLHR74OI0,Charlotte Leclerc
IAGY5YUR9E,Chen Wei
TKWJHEYRLP,Lara van den Berg
T3NR1G1FFR,Sofia Almeida
1M8238T2AW,Jorge Castillo
KICNKIP98W,Seo-yun Kim
Y6K2JU2H4B,Mia Anderson
ZPBG7LTFP7,Santiago Rivera
QB8U1CAEOV,Kai Løkke
6W361V5VV9,Anika Patel
DDDN8ANJT0,Sofia Almeida
ASLJ66JRJL,Liam O'Brien
R18W797V9Q,Liam O'Brien
JXZMWLFM1N,Mia Anderson
KF2U0T542I,Chen Wei
G2LC5CGD8K,Fatima Zahra Mansouri
Z2UAISMWW6,Noah Zimmerman
7OYEBPQERQ,Fatima Zahra Mansouri
NSIOUFFN5C,Amina Kouri
OWH38MT8MT,Santiago Rivera
HBDLHYEA1L,Olivia Tremblay
FVRJD27CDC,Olivia Tremblay
K48DV4C50M,Isabella Rossi
NYCGDNV50A,Lara van den Berg
P4TDYTUQNV,Elena Popova
L7C6MV0Z84,Fatima Zahra Mansouri
DTU78DE6VZ,Lara van den Berg
UECHV0PJQU,Jorge Castillo
O56IYAJKOQ,Finn Murphy
N1X635B5Z9,Anika Patel
0GO9BNG5JC,Lara van den Berg
GMEGHRIW0J,Liam O'Brien
ZM64YPV8OX,Santiago Rivera
C5YK4RN57W,Elias Svensson
2TT75RT0RO,Anika Patel
ITIM1J0WSF,Anika Patel
KMBK3UC6PC,Elias Svensson
7I09698RMP,Liam O'Brien
0ZKZ7CTPCO,Isabella Rossi
AM3UVRYGAU,Jorge Castillo
MMPJO0MZ0N,Jorge Castillo
N44HQ30PQE,Mia Anderson
S0G2JOY8VT,Lara van den Berg
27098TXSI3,Finn Murphy
XI3FSQ31EF,Chen Wei
10MOX4IMD7,Olivia Tremblay
GP7GTLRONW,Seo-yun Kim
ZBKI0P43EK,Hiroshi Nakamura
0RASQ7TQKJ,Jorge Castillo
QX9N1VDFJJ,Amina Kouri
4REKDG0V64,Santiago Rivera
L4I0OY5T07,Santiago Rivera
35UVJCB74Q,Elena Popova
IB795LJI77,Hiroshi Nakamura
A2X1RKUMID,Olivia Tremblay
QI3IGYH5L4,Liam O'Brien
HBY762ULBC,Jorge Castillo
L7GJ5TTDYK,Elena Popova
A3B4QBVRXQ,Isabella Rossi
P2YCAPIMT8,Elena Popova
TFREKW8N0X,Kai Løkke
QR1QDMLAXQ,Hiroshi Nakamura
4KEPG8K8NX,Chen Wei
PYVE80HN4Y,Anika Patel
SYQYA98A3O,Chen Wei
GE90UVYAIC,Chen Wei
L54SD4SCXE,Liam O'Brien
8ZP0P6EA2V,Santiago Rivera
1H1SA1OIYA,Fatima Zahra Mansouri
XXGLDEB0PE,Noah Zimmerman
ZRFQJ78VMK,Noah Zimmerman
3CLTHAJWT5,Kai Løkke
9QO189PLWT,Seo-yun Kim
7TW6HKDNII,Noah Zimmerman
U31ZKRHJ9K,Mia Anderson
AOPBZ7X6AE,Anika Patel
B5PN7WKKMI,Elias Svensson
PASOTPBNLM,Amina Kouri
VAUS6D0S3K,Jorge Castillo
LIZ88MPJYN,Finn Murphy
Q7QQE54CKS,Olivia Tremblay
ZCB53KC2PC,Sofia Almeida
51RBYSZVEY,Kai Løkke
06B9H4N6NV,Santiago Rivera
0P2ZQ4BASS,Sofia Almeida
AXZKAINTK1,Kai Løkke
6WFZ2WDJ24,Seo-yun Kim
JBZJ2LV64J,Amina Kouri
TQT94705R0,Sofia Almeida
GW74P8SAKY,Sofia Almeida
8R488ER0ZH,Jorge Castillo
5PK8DKP0ZZ,Chen Wei
WOY6M7Y3D8,Santiago Rivera
XZUKKHWKB8,Hiroshi Nakamura
9PS130EZ8T,Finn Murphy
GQDKZ8GJ7O,Lara van den Berg
88LIKKIYG5,Amina Kouri
LDWU4KBNIS,Finn Murphy
M97BEZCB1V,Santiago Rivera
BWGSZNP0LF,Lara van den Berg
4OZB2350T9,Finn Murphy
65YME8J8IE,Amina Kouri
FG1GU97VU5,Hiroshi Nakamura
HXK7RUM68N,Charlotte Leclerc
O7O51MZU4N,Fatima Zahra Mansouri
KXGWXZQU8N,Charlotte Leclerc
YAAYBNPNBF,Olivia Tremblay
T83G4QLO49,Anika Patel
244F8XZK0E,Kai Løkke
6A0ZBCDFGV,Jorge Castillo
NLOAVVNSZ2,Amina Kouri
66420YSP5M,Seo-yun Kim
XUOU6FH2DR,Santiago Rivera
QPHXKP30BG,Fatima Zahra Mansouri
X4ASJ6RLN6,Elena Popova
ZKY5P7R745,Elena Popova
H89EKSBTZX,Anika Patel
76X65A5PP1,Mia Anderson
GEDG42ENGM,Anika Patel
H2HPWO8E99,Lara van den Berg
MPPY809BIA,Hiroshi Nakamura
WRGLR1OM65,Sofia Almeida
UX27Y1YUX4,Finn Murphy
FJDGLG7POQ,Hiroshi Nakamura
VWEQSW9GQY,Elena Popova
CBDX295MEZ,Olivia Tremblay
KTG9DOE0M2,Elena Popova
22LW1V963Y,Kai Løkke
XPU9214EU6,Anika Patel
FI3U0S0S6X,Noah Zimmerman
KO0PCC5TE8,Noah Zimmerman
FSO4MWKKAR,Elias Svensson
ECGD9KF3VX,Elena Popova
DWQX31MS3S,Finn Murphy
GT37129NRX,Charlotte Leclerc
XIB265Q1SJ,Lara van den Berg
XW6NK8Y9MH,Anika Patel
RDSE19HMCJ,Elias Svensson
3866QSTGPQ,Chen Wei
DRAD23MMMA,Chen Wei
FNHZ7WDW7Y,Seo-yun Kim
MIRV2AHSDH,Santiago Rivera
5L4PYZ36G0,Seo-yun Kim
LTCZ1EWM5K,Amina Kouri
CG19UEJT4H,Olivia Tremblay
X09OXQUHX6,Mia Anderson
1O4FGEX31T,Elias Svensson
YQEUHTOP2I,Sofia Almeida
9SKVMHKUAV,Sofia Almeida
EK53ZI08W8,Finn Murphy
L4214B2QPO,Lara van den Berg
572K7GROWM,Noah Zimmerman
421BPRLP1H,Charlotte Leclerc
W8ENISIETU,Mia Anderson
0D8CAOL7XN,Olivia Tremblay
UDTA6SHXDI,Amina Kouri
BN764APWDT,Liam O'Brien
YPME5D9Q5F,Liam O'Brien
6MKIUXJ6CQ,Jorge Castillo
O8W3DPZC0U,Liam O'Brien
R3TKLL4WU1,Mia Anderson
1QJIZTDX38,Olivia Tremblay
SUGHP6NLPK,Mia Anderson
XKG8C7QFXT,Amina Kouri
YE18FH0BFU,Charlotte Leclerc
E8W0PTQ9KC,Lara van den Berg
21BT3ARI08,Isabella Rossi
BK38HX9NS4,Lara van den Berg
Y00KJWDL6W,Jorge Castillo
7A8PVRXFLV,Jorge Castillo
XUO9R4GLWS,Chen Wei
1JGXELMHOF,Olivia Tremblay
6RMUDHJM4W,Hiroshi Nakamura
6L88Z54PYV,Elias Svensson
OG64GZNSWE,Seo-yun Kim
IH6195R5YX,Charlotte Leclerc
OFML4KZCAE,Jorge Castillo
GDLKIPE3CH,Isabella Rossi
LMFZ8A6OUU,Isabella Rossi
RJ0VF3WCOB,Mia Anderson
9OPVZ6VP7K,Elias Svensson
LXTGJ91STF,Seo-yun Kim
12MINIG2V7,Charlotte Leclerc
5CJ88FMSBA,Fatima Zahra Mansouri
7FPDGERPRV,Jorge Castillo
TQEMWEEP28,Fatima Zahra Mansouri
97NV00K4YA,Amina Kouri
N09DENCIJ3,Isabella Rossi
27L7Y08ROR,Santiago Rivera
TDH5H2CF40,Jorge Castillo
D7ATV3H1YD,Olivia Tremblay
ROHDD0Z6CG,Noah Zimmerman
IU50O8RY55,Mia Anderson
IEMF4VU2VH,Charlotte Leclerc
RF3R75NCG7,Olivia Tremblay
8HSVAQ716J,Lara van den Berg
RLL2WGXJRT,Isabella Rossi
C14AN35RKC,Sofia Almeida
JJT0E5G3ZB,Mia Anderson
XK7B8CDK0T,Sofia Almeida
HAN10YME1F,Noah Zimmerman
IF73FAK84R,Fatima Zahra Mansouri
HCCDN2TD0R,Lara van den Berg
EL568TREPD,Charlotte Leclerc
LO0F70NRDD,Chen Wei
G11VNYE1HH,Anika Patel
5TKRD0UET0,Fatima Zahra Mansouri
TEKJPG39QQ,Chen Wei
J0OF821KRS,Chen Wei
Q7WD8INZQ5,Hiroshi Nakamura
RZ4FLK02QV,Isabella Rossi
JYA410BBKR,Charlotte Leclerc
LL7V1S0QG3,Chen Wei
F3AJRF7TJG,Lara van den Berg
9EY8WR8CDU,Mia Anderson
N1WUHGN5J1,Hiroshi Nakamura
2YD7E0JZWB,Elena Popova
CAJAINRPE5,Chen Wei
8WTA54PGBC,Mia Anderson
77C2EX0563,Kai Løkke
CZ35XEIQQL,Seo-yun Kim
LWEWBT96XT,Jorge Castillo
Z3FNA3LKXY,Santiago Rivera
0D9KDY33VL,Charlotte Leclerc
R8ARFXA62G,Anika Patel
1I8PRKICC1,Kai Løkke
BROW8BT8Y8,Liam O'Brien
VXC2DB72R7,Isabella Rossi
TBUUEZXSLP,Liam O'Brien
EF57WPNJAM,Elias Svensson
S71BHUO2FN,Isabella Rossi
JQ7FW67TJ8,Liam O'Brien
4M2D4IB9S6,Liam O'Brien
AHQQ4HWF9Z,Seo-yun Kim
U91VS1DG4X,Kai Løkke
EFBZ19FLZB,Hiroshi Nakamura
UR36VE8KU4,Sofia Almeida
7JPUCM4BHS,Seo-yun Kim
NPVTQJD50W,Kai Løkke
45XXUUVBQU,Chen Wei
HCRK8WNTRJ,Anika Patel
A1LPGU21B5,Olivia Tremblay
KZ3VCLL0J6,Elias Svensson
ZX4733CP7F,Noah Zimmerman
4USM1D1I1Q,Amina Kouri
I1II0JEBC3,Finn Murphy
YZDT3ZMHJF,Chen Wei
YDDKTODLGX,Fatima Zahra Mansouri
